Date,Source Files,Statements,Lines,Comment Lines,Documentation Lines,Data Files,Data Bytes,User,Routines,Classes
25-Sep-2014 18:34,3,28,119,8,42,0,0,morgan,4,1
25-Sep-2014 19:04,2,40,145,91,89,0,0,morgan,4,1
25-Sep-2014 19:37,2,46,152,87,89,0,0,morgan,4,1
25-Sep-2014 19:45,2,46,152,87,89,0,0,morgan,4,1
25-Sep-2014 21:07,2,46,152,87,89,0,0,morgan,4,1
25-Sep-2014 21:59,2,46,152,87,89,0,0,morgan,4,1
25-Sep-2014 22:15,2,53,162,88,89,0,0,morgan,4,1
26-Sep-2014 10:35,2,53,162,88,89,0,0,morgan,4,1
28-Sep-2014 13:31,2,53,162,88,89,0,0,morgan,4,1
28-Sep-2014 13:51,2,53,162,88,89,0,0,morgan,4,1
05-Oct-2014 10:42,2,54,163,88,89,0,0,morgan,4,1
05-Oct-2014 10:46,2,54,163,88,89,0,0,morgan,4,1
25-Sep-2014 18:34,3,28,119,8,42,0,0,morgan,4,1
